<?xml version="1.0"?>
<?mso-application progid="Excel.Sheet"?>
<Workbook xmlns="urn:schemas-microsoft-com:office:spreadsheet"
 xmlns:o="urn:schemas-microsoft-com:office:office"
 xmlns:x="urn:schemas-microsoft-com:office:excel"
 xmlns:ss="urn:schemas-microsoft-com:office:spreadsheet"
 xmlns:html="http://www.w3.org/TR/REC-html40">
 <DocumentProperties xmlns="urn:schemas-microsoft-com:office:office">
  <Author>Robert Fisher</Author>
  <LastAuthor>Donald G. Dunne</LastAuthor>
  <LastPrinted>2006-03-15T03:49:16Z</LastPrinted>
  <Created>2005-07-01T21:31:12Z</Created>
  <LastSaved>2009-03-23T15:18:48Z</LastSaved>
  <Company>The Boeing Company</Company>
  <Version>11.9999</Version>
 </DocumentProperties>
 <OfficeDocumentSettings xmlns="urn:schemas-microsoft-com:office:office">
  <DoNotRelyOnCSS/>
 </OfficeDocumentSettings>
 <ExcelWorkbook xmlns="urn:schemas-microsoft-com:office:excel">
  <WindowHeight>5610</WindowHeight>
  <WindowWidth>16650</WindowWidth>
  <WindowTopX>-15</WindowTopX>
  <WindowTopY>5550</WindowTopY>
  <ProtectStructure>False</ProtectStructure>
  <ProtectWindows>False</ProtectWindows>
 </ExcelWorkbook>
 <Styles>
  <Style ss:ID="Default" ss:Name="Normal">
   <Alignment ss:Vertical="Bottom"/>
   <Borders/>
   <Font/>
   <Interior/>
   <NumberFormat/>
   <Protection/>
  </Style>
  <Style ss:ID="s21">
   <Font x:Family="Swiss" ss:Size="9"/>
  </Style>
  <Style ss:ID="s23">
   <Alignment ss:Horizontal="Left" ss:Vertical="Bottom" ss:WrapText="1"/>
   <Borders>
    <Border ss:Position="Bottom" ss:LineStyle="Continuous" ss:Weight="3"/>
   </Borders>
   <Font x:Family="Swiss" ss:Size="9"/>
  </Style>
  <Style ss:ID="s25">
   <Alignment ss:Horizontal="Left" ss:Vertical="Bottom"/>
   <Borders>
    <Border ss:Position="Bottom" ss:LineStyle="Continuous" ss:Weight="3"/>
    <Border ss:Position="Left" ss:LineStyle="Continuous" ss:Weight="3"/>
    <Border ss:Position="Right" ss:LineStyle="Continuous" ss:Weight="3"/>
    <Border ss:Position="Top" ss:LineStyle="Continuous" ss:Weight="3"/>
   </Borders>
   <Font x:Family="Swiss" ss:Size="9" ss:Bold="1"/>
  </Style>
  <Style ss:ID="s26">
   <Borders>
    <Border ss:Position="Left" ss:LineStyle="Continuous" ss:Weight="3"/>
   </Borders>
   <Font x:Family="Swiss" ss:Size="9"/>
  </Style>
  <Style ss:ID="s27">
   <Alignment ss:Horizontal="Left" ss:Vertical="Bottom"/>
   <Borders>
    <Border ss:Position="Left" ss:LineStyle="Continuous" ss:Weight="3"/>
    <Border ss:Position="Right" ss:LineStyle="Continuous" ss:Weight="3"/>
   </Borders>
   <Font x:Family="Swiss" ss:Size="9"/>
   <NumberFormat ss:Format="Short Date"/>
  </Style>
  <Style ss:ID="s28">
   <Alignment ss:Horizontal="Left" ss:Vertical="Bottom"/>
   <Borders>
    <Border ss:Position="Left" ss:LineStyle="Continuous" ss:Weight="3"/>
    <Border ss:Position="Right" ss:LineStyle="Continuous" ss:Weight="3"/>
   </Borders>
   <Font x:Family="Swiss" ss:Size="9"/>
   <NumberFormat/>
  </Style>
  <Style ss:ID="s29">
   <Alignment ss:Horizontal="Left" ss:Vertical="Bottom" ss:WrapText="1"/>
   <Font x:Family="Swiss" ss:Size="9"/>
  </Style>
  <Style ss:ID="s30">
   <Alignment ss:Horizontal="Left" ss:Vertical="Bottom"/>
   <Borders>
    <Border ss:Position="Left" ss:LineStyle="Continuous" ss:Weight="3"/>
   </Borders>
   <Font x:Family="Swiss" ss:Size="9"/>
   <NumberFormat ss:Format="Short Date"/>
  </Style>
  <Style ss:ID="s31">
   <Alignment ss:Horizontal="Left" ss:Vertical="Bottom"/>
   <Borders>
    <Border ss:Position="Bottom" ss:LineStyle="Continuous" ss:Weight="3"/>
    <Border ss:Position="Left" ss:LineStyle="Continuous" ss:Weight="3"/>
    <Border ss:Position="Right" ss:LineStyle="Continuous" ss:Weight="3"/>
   </Borders>
   <Font x:Family="Swiss" ss:Size="9"/>
   <NumberFormat/>
  </Style>
  <Style ss:ID="s32">
   <Alignment ss:Horizontal="Left" ss:Vertical="Bottom"/>
   <Borders>
    <Border ss:Position="Bottom" ss:LineStyle="Continuous" ss:Weight="3"/>
    <Border ss:Position="Left" ss:LineStyle="Continuous" ss:Weight="3"/>
    <Border ss:Position="Right" ss:LineStyle="Continuous" ss:Weight="3"/>
   </Borders>
   <Font x:Family="Swiss" ss:Size="9"/>
   <NumberFormat ss:Format="Short Date"/>
  </Style>
  <Style ss:ID="s33">
   <Alignment ss:Horizontal="Left" ss:Vertical="Bottom"/>
   <Borders/>
   <Font x:Family="Swiss" ss:Size="9"/>
   <NumberFormat ss:Format="Short Date"/>
  </Style>
  <Style ss:ID="s34">
   <Alignment ss:Horizontal="Left" ss:Vertical="Bottom"/>
   <Borders/>
   <Font x:Family="Swiss" ss:Size="9"/>
   <NumberFormat/>
  </Style>
  <Style ss:ID="s35">
   <Alignment ss:Horizontal="Left" ss:Vertical="Bottom"/>
   <Borders>
    <Border ss:Position="Bottom" ss:LineStyle="Continuous" ss:Weight="3"/>
    <Border ss:Position="Left" ss:LineStyle="Continuous" ss:Weight="3"/>
    <Border ss:Position="Right" ss:LineStyle="Continuous" ss:Weight="3"/>
    <Border ss:Position="Top" ss:LineStyle="Continuous" ss:Weight="3"/>
   </Borders>
   <Font x:Family="Swiss" ss:Size="9" ss:Bold="1"/>
   <Interior/>
  </Style>
  <Style ss:ID="s36">
   <Alignment ss:Horizontal="Left" ss:Vertical="Bottom"/>
   <Borders>
    <Border ss:Position="Left" ss:LineStyle="Continuous" ss:Weight="3"/>
    <Border ss:Position="Right" ss:LineStyle="Continuous" ss:Weight="3"/>
   </Borders>
   <Font x:Family="Swiss" ss:Size="9"/>
  </Style>
  <Style ss:ID="s37">
   <Alignment ss:Horizontal="Left" ss:Vertical="Bottom" ss:WrapText="1"/>
   <Borders>
    <Border ss:Position="Left" ss:LineStyle="Continuous" ss:Weight="3"/>
    <Border ss:Position="Right" ss:LineStyle="Continuous" ss:Weight="3"/>
   </Borders>
   <Font x:Family="Swiss" ss:Size="9"/>
  </Style>
  <Style ss:ID="s38">
   <Alignment ss:Horizontal="Left" ss:Vertical="Bottom"/>
   <Borders>
    <Border ss:Position="Left" ss:LineStyle="Continuous" ss:Weight="3"/>
    <Border ss:Position="Right" ss:LineStyle="Continuous" ss:Weight="3"/>
   </Borders>
   <Font x:Family="Swiss" ss:Size="9"/>
   <NumberFormat ss:Format="0"/>
  </Style>
  <Style ss:ID="s39">
   <Alignment ss:Vertical="Bottom"/>
   <Borders/>
   <Font x:Family="Swiss" ss:Size="9"/>
   <Interior/>
   <NumberFormat/>
   <Protection/>
  </Style>
  <Style ss:ID="s40">
   <Borders>
    <Border ss:Position="Left" ss:LineStyle="Continuous" ss:Weight="3"/>
    <Border ss:Position="Right" ss:LineStyle="Continuous" ss:Weight="3"/>
   </Borders>
   <Font x:Family="Swiss" ss:Size="9"/>
  </Style>
  <Style ss:ID="s41">
   <Borders>
    <Border ss:Position="Bottom" ss:LineStyle="Continuous" ss:Weight="3"/>
    <Border ss:Position="Left" ss:LineStyle="Continuous" ss:Weight="3"/>
    <Border ss:Position="Right" ss:LineStyle="Continuous" ss:Weight="3"/>
   </Borders>
   <Font x:Family="Swiss" ss:Size="9"/>
  </Style>
  <Style ss:ID="s42">
   <Alignment ss:Horizontal="Left" ss:Vertical="Bottom"/>
   <Borders>
    <Border ss:Position="Bottom" ss:LineStyle="Continuous" ss:Weight="3"/>
    <Border ss:Position="Left" ss:LineStyle="Continuous" ss:Weight="3"/>
    <Border ss:Position="Right" ss:LineStyle="Continuous" ss:Weight="3"/>
   </Borders>
   <Font x:Family="Swiss" ss:Size="9"/>
  </Style>
  <Style ss:ID="s43">
   <Borders>
    <Border ss:Position="Bottom" ss:LineStyle="Continuous" ss:Weight="3"/>
    <Border ss:Position="Left" ss:LineStyle="Continuous" ss:Weight="3"/>
    <Border ss:Position="Right" ss:LineStyle="Continuous" ss:Weight="3"/>
    <Border ss:Position="Top" ss:LineStyle="Continuous" ss:Weight="3"/>
   </Borders>
   <Font x:Family="Swiss" ss:Size="9" ss:Bold="1"/>
  </Style>
  <Style ss:ID="s44">
   <Font x:Family="Swiss" ss:Size="9" ss:Bold="1"/>
  </Style>
  <Style ss:ID="s47">
   <Alignment ss:Horizontal="Left" ss:Vertical="Bottom"/>
   <Font x:Family="Swiss" ss:Size="9"/>
   <NumberFormat ss:Format="@"/>
  </Style>
  <Style ss:ID="s48">
   <Borders>
    <Border ss:Position="Left" ss:LineStyle="Continuous" ss:Weight="3"/>
    <Border ss:Position="Right" ss:LineStyle="Continuous" ss:Weight="1"/>
   </Borders>
   <Font x:Family="Swiss" ss:Size="9"/>
   <Interior ss:Color="#FFFF00" ss:Pattern="Solid"/>
  </Style>
  <Style ss:ID="s49">
   <Alignment ss:Horizontal="Left" ss:Vertical="Bottom"/>
   <Borders>
    <Border ss:Position="Left" ss:LineStyle="Continuous" ss:Weight="3"/>
    <Border ss:Position="Right" ss:LineStyle="Continuous" ss:Weight="3"/>
   </Borders>
   <Font x:Family="Swiss" ss:Size="9"/>
   <Interior ss:Color="#FFFF00" ss:Pattern="Solid"/>
  </Style>
  <Style ss:ID="s50">
   <Alignment ss:Horizontal="Left" ss:Vertical="Bottom"/>
   <Borders>
    <Border ss:Position="Left" ss:LineStyle="Continuous" ss:Weight="3"/>
    <Border ss:Position="Right" ss:LineStyle="Continuous" ss:Weight="3"/>
   </Borders>
   <Font x:Family="Swiss" ss:Size="9"/>
   <Interior ss:Color="#FFFF00" ss:Pattern="Solid"/>
   <NumberFormat ss:Format="0"/>
  </Style>
  <Style ss:ID="s51">
   <Font x:Family="Swiss" ss:Size="9"/>
   <Interior ss:Color="#FFFF00" ss:Pattern="Solid"/>
  </Style>
  <Style ss:ID="s52">
   <Borders>
    <Border ss:Position="Left" ss:LineStyle="Continuous" ss:Weight="3"/>
    <Border ss:Position="Right" ss:LineStyle="Continuous" ss:Weight="3"/>
   </Borders>
   <Font x:Family="Swiss" ss:Size="9"/>
   <Interior ss:Color="#FFFF00" ss:Pattern="Solid"/>
  </Style>
  <Style ss:ID="s53">
   <Alignment ss:Horizontal="Left" ss:Vertical="Bottom"/>
   <Borders>
    <Border ss:Position="Left" ss:LineStyle="Continuous" ss:Weight="3"/>
    <Border ss:Position="Right" ss:LineStyle="Continuous" ss:Weight="3"/>
   </Borders>
   <Font x:Family="Swiss" ss:Size="9"/>
   <Interior ss:Color="#FFFF00" ss:Pattern="Solid"/>
   <NumberFormat/>
  </Style>
  <Style ss:ID="s54">
   <Borders>
    <Border ss:Position="Left" ss:LineStyle="Continuous" ss:Weight="3"/>
   </Borders>
   <Font x:Family="Swiss" ss:Size="9"/>
   <Interior ss:Color="#FFFF00" ss:Pattern="Solid"/>
  </Style>
  <Style ss:ID="s55">
   <Alignment ss:Horizontal="Left" ss:Vertical="Bottom"/>
   <Borders>
    <Border ss:Position="Left" ss:LineStyle="Continuous" ss:Weight="3"/>
    <Border ss:Position="Right" ss:LineStyle="Continuous" ss:Weight="3"/>
   </Borders>
   <Font x:Family="Swiss" ss:Size="9"/>
   <Interior ss:Color="#FFFF00" ss:Pattern="Solid"/>
   <NumberFormat ss:Format="Short Date"/>
  </Style>
 </Styles>
 <Worksheet ss:Name="skynetBase">
  <Names>
   <NamedRange ss:Name="_FilterDatabase" ss:RefersTo="=skynetBase!R63C1:R66C4"
    ss:Hidden="1"/>
  </Names>
  <Table ss:ExpandedColumnCount="10" ss:ExpandedRowCount="72" x:FullColumns="1"
   x:FullRows="1" ss:StyleID="s21" ss:DefaultRowHeight="12">
   <Column ss:StyleID="s21" ss:AutoFitWidth="0" ss:Width="359.25"/>
   <Column ss:StyleID="s21" ss:AutoFitWidth="0" ss:Width="300.75"/>
   <Column ss:StyleID="s21" ss:Width="108.75"/>
   <Column ss:StyleID="s21" ss:AutoFitWidth="0" ss:Width="101.25"/>
   <Column ss:StyleID="s21" ss:Width="132.75"/>
   <Column ss:StyleID="s21" ss:Width="71.25"/>
   <Column ss:StyleID="s21" ss:AutoFitWidth="0" ss:Width="174.75"/>
   <Column ss:StyleID="s21" ss:Width="58.5"/>
   <Column ss:StyleID="s21" ss:Width="75.75"/>
   <Column ss:StyleID="s21" ss:Width="56.25"/>
   <Row ss:AutoFitHeight="0" ss:Height="100.5">
    <Cell ss:MergeAcross="1" ss:StyleID="s23"><Data ss:Type="String"># Copyright (c) 2004, 2007 Boeing.&#10;# All rights reserved. This program and the accompanying materials&#10;# are made available under the terms of the Eclipse Public License v1.0&#10;# which accompanies this distribution, and is available at&#10;# http://www.eclipse.org/legal/epl-v10.html&#10;# &#10;# Contributors:&#10;#     Boeing - initial API and implementation</Data></Cell>
   </Row>
   <Row ss:AutoFitHeight="0" ss:Height="14.25">
    <Cell ss:StyleID="s25"><Data ss:Type="String">Factory Class</Data></Cell>
    <Cell ss:StyleID="s25"><Data ss:Type="String">Artifact Type Name</Data></Cell>
    <Cell ss:StyleID="s25"><Data ss:Type="String">Super Type Name</Data></Cell>
   </Row>
   <Row ss:AutoFitHeight="0" ss:Height="14.25">
    <Cell ss:StyleID="s26"><Data ss:Type="String">org.eclipse.osee.framework.skynet.core.artifact.factory.BasicArtifactFactory</Data></Cell>
    <Cell ss:StyleID="s26"><Data ss:Type="String">Artifact</Data></Cell>
    <Cell ss:StyleID="s27"/>
   </Row>
   <Row ss:AutoFitHeight="0" ss:Height="13.5">
    <Cell ss:StyleID="s26"><Data ss:Type="String">org.eclipse.osee.framework.ui.skynet.blam.BlamFactory</Data></Cell>
    <Cell ss:StyleID="s28"><Data ss:Type="String">Blam Workflow</Data></Cell>
    <Cell ss:StyleID="s27"><Data ss:Type="String">Artifact</Data></Cell>
   </Row>
   <Row ss:AutoFitHeight="0">
    <Cell ss:StyleID="s26"><Data ss:Type="String">org.eclipse.osee.framework.skynet.core.artifact.factory.BasicArtifactFactory</Data></Cell>
    <Cell ss:StyleID="s28"><Data ss:Type="String">Folder</Data></Cell>
    <Cell ss:StyleID="s27"><Data ss:Type="String">Artifact</Data></Cell>
    <Cell ss:Index="6" ss:StyleID="s29"/>
    <Cell ss:StyleID="s29"/>
    <Cell ss:StyleID="s29"/>
    <Cell ss:StyleID="s29"/>
   </Row>
   <Row ss:AutoFitHeight="0">
    <Cell ss:StyleID="s26"><Data ss:Type="String">org.eclipse.osee.framework.skynet.core.artifact.factory.NativeArtifactFactory</Data></Cell>
    <Cell ss:StyleID="s28"><Data ss:Type="String">General Document</Data></Cell>
    <Cell ss:StyleID="s27"><Data ss:Type="String">NativeArtifact</Data></Cell>
   </Row>
   <Row ss:AutoFitHeight="0">
    <Cell ss:StyleID="s30"><Data ss:Type="String">org.eclipse.osee.framework.skynet.core.artifact.factory.WordArtifactFactory</Data></Cell>
    <Cell ss:StyleID="s28"><Data ss:Type="String">Heading</Data></Cell>
    <Cell ss:StyleID="s27"><Data ss:Type="String">WordArtifact</Data></Cell>
   </Row>
   <Row ss:AutoFitHeight="0" ss:Height="13.5">
    <Cell ss:StyleID="s26"><Data ss:Type="String">org.eclipse.osee.framework.skynet.core.artifact.factory.BasicArtifactFactory</Data></Cell>
    <Cell ss:StyleID="s28"><Data ss:Type="String">Root Artifact</Data></Cell>
    <Cell ss:StyleID="s27"><Data ss:Type="String">Artifact</Data></Cell>
    <Cell ss:Index="6" ss:StyleID="s29"/>
    <Cell ss:StyleID="s29"/>
    <Cell ss:StyleID="s29"/>
    <Cell ss:StyleID="s29"/>
   </Row>
   <Row ss:AutoFitHeight="0" ss:Height="13.5">
    <Cell ss:StyleID="s26"><Data ss:Type="String">org.eclipse.osee.framework.skynet.core.artifact.factory.WordArtifactFactory</Data></Cell>
    <Cell ss:StyleID="s28"><Data ss:Type="String">Support Document</Data></Cell>
    <Cell ss:StyleID="s27"><Data ss:Type="String">WordArtifact</Data></Cell>
    <Cell ss:Index="6" ss:StyleID="s29"/>
    <Cell ss:StyleID="s29"/>
    <Cell ss:StyleID="s29"/>
    <Cell ss:StyleID="s29"/>
   </Row>
   <Row ss:AutoFitHeight="0" ss:Height="13.5">
    <Cell ss:StyleID="s26"><Data ss:Type="String">org.eclipse.osee.framework.skynet.core.artifact.factory.BasicArtifactFactory</Data></Cell>
    <Cell ss:StyleID="s28"><Data ss:Type="String">Universal Group</Data></Cell>
    <Cell ss:StyleID="s27"><Data ss:Type="String">Artifact</Data></Cell>
    <Cell ss:Index="6" ss:StyleID="s29"/>
    <Cell ss:StyleID="s29"/>
    <Cell ss:StyleID="s29"/>
    <Cell ss:StyleID="s29"/>
   </Row>
   <Row ss:AutoFitHeight="0" ss:Height="13.5">
    <Cell ss:StyleID="s26"><Data ss:Type="String">org.eclipse.osee.framework.skynet.core.artifact.factory.BasicArtifactFactory</Data></Cell>
    <Cell ss:StyleID="s28"><Data ss:Type="String">Url</Data></Cell>
    <Cell ss:StyleID="s27"><Data ss:Type="String">FileArtifact</Data></Cell>
    <Cell ss:Index="6" ss:StyleID="s29"/>
    <Cell ss:StyleID="s29"/>
    <Cell ss:StyleID="s29"/>
    <Cell ss:StyleID="s29"/>
   </Row>
   <Row ss:AutoFitHeight="0" ss:Height="13.5">
    <Cell ss:StyleID="s26"><Data ss:Type="String">org.eclipse.osee.framework.skynet.core.artifact.factory.BasicArtifactFactory</Data></Cell>
    <Cell ss:StyleID="s28"><Data ss:Type="String">General Data</Data></Cell>
    <Cell ss:StyleID="s27"><Data ss:Type="String">Artifact</Data></Cell>
    <Cell ss:Index="6" ss:StyleID="s29"/>
    <Cell ss:StyleID="s29"/>
    <Cell ss:StyleID="s29"/>
    <Cell ss:StyleID="s29"/>
   </Row>
   <Row ss:AutoFitHeight="0">
    <Cell ss:StyleID="s26"><Data ss:Type="String">org.eclipse.osee.framework.skynet.core.artifact.factory.BasicArtifactFactory</Data></Cell>
    <Cell ss:StyleID="s31"><Data ss:Type="String">Workspace File</Data></Cell>
    <Cell ss:StyleID="s32"><Data ss:Type="String">Artifact</Data></Cell>
   </Row>
   <Row ss:AutoFitHeight="0" ss:StyleID="s51">
    <Cell ss:StyleID="s54"><Data ss:Type="String">org.eclipse.osee.framework.skynet.core.artifact.factory.WordArtifactFactory</Data></Cell>
    <Cell ss:StyleID="s53"><Data ss:Type="String">System Function</Data></Cell>
    <Cell ss:StyleID="s55"><Data ss:Type="String">MS Word</Data></Cell>
   </Row>
   <Row ss:AutoFitHeight="0">
    <Cell ss:StyleID="s33"/>
    <Cell ss:StyleID="s34"/>
    <Cell ss:StyleID="s33"/>
   </Row>
   <Row ss:AutoFitHeight="0" ss:Height="13.5"/>
   <Row ss:AutoFitHeight="0" ss:Height="14.25">
    <Cell ss:StyleID="s25"><Data ss:Type="String">Attribute Base Type</Data></Cell>
    <Cell ss:StyleID="s25"><Data ss:Type="String">Attribute Data Provider</Data></Cell>
    <Cell ss:StyleID="s25"><Data ss:Type="String">Attribute Name</Data></Cell>
    <Cell ss:StyleID="s25"><Data ss:Type="String">File Extension</Data></Cell>
    <Cell ss:StyleID="s25"><Data ss:Type="String">Tagger ID</Data></Cell>
    <Cell ss:StyleID="s25"><Data ss:Type="String">Default Value</Data></Cell>
    <Cell ss:StyleID="s25"><Data ss:Type="String">Validity Xml</Data></Cell>
    <Cell ss:StyleID="s35"><Data ss:Type="String">Min Occurrence</Data></Cell>
    <Cell ss:StyleID="s35"><Data ss:Type="String">Max Occurrence</Data></Cell>
    <Cell ss:StyleID="s35"><Data ss:Type="String">Tip Text</Data></Cell>
   </Row>
   <Row ss:AutoFitHeight="0" ss:Height="12.75">
    <Cell ss:StyleID="s36"><Data ss:Type="String">org.eclipse.osee.framework.skynet.core.StringAttribute</Data></Cell>
    <Cell ss:StyleID="s36"><Data ss:Type="String">org.eclipse.osee.framework.skynet.core.DefaultAttributeDataProvider</Data></Cell>
    <Cell ss:StyleID="s28"><Data ss:Type="String">Name</Data></Cell>
    <Cell ss:StyleID="s28"/>
    <Cell ss:StyleID="s28"><Data ss:Type="String">DefaultAttributeTaggerProvider</Data></Cell>
    <Cell ss:StyleID="s36"><Data ss:Type="String">unnamed</Data></Cell>
    <Cell ss:StyleID="s36"><Data ss:Type="String">&lt;not&gt;null&lt;/not&gt;</Data></Cell>
    <Cell ss:StyleID="s36"><Data ss:Type="Number">1</Data></Cell>
    <Cell ss:StyleID="s36"><Data ss:Type="Number">1</Data></Cell>
    <Cell ss:StyleID="s36"><Data ss:Type="String">Descriptive Name</Data></Cell>
   </Row>
   <Row ss:AutoFitHeight="0">
    <Cell ss:StyleID="s36"><Data ss:Type="String">org.eclipse.osee.framework.skynet.core.StringAttribute</Data></Cell>
    <Cell ss:StyleID="s36"><Data ss:Type="String">org.eclipse.osee.framework.skynet.core.DefaultAttributeDataProvider</Data></Cell>
    <Cell ss:StyleID="s28"><Data ss:Type="String">Content URL</Data></Cell>
    <Cell ss:StyleID="s28"/>
    <Cell ss:StyleID="s28"/>
    <Cell ss:StyleID="s36"/>
    <Cell ss:StyleID="s36"/>
    <Cell ss:StyleID="s36"><Data ss:Type="Number">0</Data></Cell>
    <Cell ss:StyleID="s36"><Data ss:Type="Number">1</Data></Cell>
    <Cell ss:StyleID="s36"/>
   </Row>
   <Row ss:AutoFitHeight="0">
    <Cell ss:StyleID="s36"><Data ss:Type="String">org.eclipse.osee.framework.skynet.core.StringAttribute</Data></Cell>
    <Cell ss:StyleID="s36"><Data ss:Type="String">org.eclipse.osee.framework.skynet.core.DefaultAttributeDataProvider</Data></Cell>
    <Cell ss:StyleID="s28"><Data ss:Type="String">Description</Data></Cell>
    <Cell ss:StyleID="s28"/>
    <Cell ss:StyleID="s28"><Data ss:Type="String">DefaultAttributeTaggerProvider</Data></Cell>
    <Cell ss:StyleID="s36"/>
    <Cell ss:StyleID="s36"/>
    <Cell ss:StyleID="s36"><Data ss:Type="Number">0</Data></Cell>
    <Cell ss:StyleID="s36"><Data ss:Type="Number">1</Data></Cell>
    <Cell ss:StyleID="s36"/>
   </Row>
   <Row ss:AutoFitHeight="0" ss:Height="13.5">
    <Cell ss:StyleID="s36"><Data ss:Type="String">org.eclipse.osee.framework.skynet.core.EnumeratedAttribute</Data></Cell>
    <Cell ss:StyleID="s36"><Data ss:Type="String">org.eclipse.osee.framework.skynet.core.DefaultAttributeDataProvider</Data></Cell>
    <Cell ss:StyleID="s28"><Data ss:Type="String">Page Type</Data></Cell>
    <Cell ss:StyleID="s28"/>
    <Cell ss:StyleID="s28"><Data ss:Type="String">DefaultAttributeTaggerProvider</Data></Cell>
    <Cell ss:StyleID="s36"><Data ss:Type="String">Portrait</Data></Cell>
    <Cell ss:StyleID="s36"><Data ss:Type="String">&lt;Page_Type&gt;&lt;Enum&gt;Portrait&lt;/Enum&gt;&lt;Enum&gt;Landscape&lt;/Enum&gt;&lt;/Page_Type&gt;</Data></Cell>
    <Cell ss:StyleID="s36"><Data ss:Type="Number">0</Data></Cell>
    <Cell ss:StyleID="s36"><Data ss:Type="Number">1</Data></Cell>
    <Cell ss:StyleID="s37"><Data ss:Type="String">Page Type: Landscape/Portrait</Data></Cell>
   </Row>
   <Row ss:AutoFitHeight="0" ss:Height="13.5">
    <Cell ss:StyleID="s36"><Data ss:Type="String">org.eclipse.osee.framework.skynet.core.StringAttribute</Data></Cell>
    <Cell ss:StyleID="s36"><Data ss:Type="String">org.eclipse.osee.framework.skynet.core.UriAttributeDataProvider</Data></Cell>
    <Cell ss:StyleID="s28"><Data ss:Type="String">Word Ole Data</Data></Cell>
    <Cell ss:StyleID="s28"><Data ss:Type="String">xml</Data></Cell>
    <Cell ss:StyleID="s28"/>
    <Cell ss:StyleID="s36"/>
    <Cell ss:Index="8" ss:StyleID="s36"><Data ss:Type="Number">0</Data></Cell>
    <Cell ss:StyleID="s36"><Data ss:Type="Number">1</Data></Cell>
    <Cell ss:StyleID="s37"><Data ss:Type="String">Word Ole Data</Data></Cell>
   </Row>
   <Row ss:AutoFitHeight="0" ss:Height="13.5">
    <Cell ss:StyleID="s36"><Data ss:Type="String">org.eclipse.osee.framework.skynet.core.StringAttribute</Data></Cell>
    <Cell ss:StyleID="s36"><Data ss:Type="String">org.eclipse.osee.framework.skynet.core.UriAttributeDataProvider</Data></Cell>
    <Cell ss:StyleID="s28"><Data ss:Type="String">Workflow Definition</Data></Cell>
    <Cell ss:StyleID="s28"><Data ss:Type="String">vue</Data></Cell>
    <Cell ss:StyleID="s28"/>
    <Cell ss:StyleID="s36"/>
    <Cell ss:StyleID="s36"/>
    <Cell ss:StyleID="s36"><Data ss:Type="Number">0</Data></Cell>
    <Cell ss:StyleID="s38"><Data ss:Type="Number">1</Data></Cell>
    <Cell ss:StyleID="s36"><Data ss:Type="String">xml definition of a Blam Workflow</Data></Cell>
   </Row>
   <Row ss:AutoFitHeight="0" ss:Height="13.5">
    <Cell ss:StyleID="s36"><Data ss:Type="String">org.eclipse.osee.framework.skynet.core.StringAttribute</Data></Cell>
    <Cell ss:StyleID="s36"><Data ss:Type="String">org.eclipse.osee.framework.skynet.core.DefaultAttributeDataProvider</Data></Cell>
    <Cell ss:StyleID="s28"><Data ss:Type="String">Extension</Data></Cell>
    <Cell ss:StyleID="s28"/>
    <Cell ss:StyleID="s28"/>
    <Cell ss:StyleID="s36"/>
    <Cell ss:StyleID="s36"/>
    <Cell ss:StyleID="s36"><Data ss:Type="Number">0</Data></Cell>
    <Cell ss:StyleID="s38"><Data ss:Type="Number">1</Data></Cell>
    <Cell ss:StyleID="s36"/>
   </Row>
   <Row ss:AutoFitHeight="0" ss:Height="13.5">
    <Cell ss:StyleID="s36"><Data ss:Type="String">org.eclipse.osee.framework.skynet.core.StringAttribute</Data></Cell>
    <Cell ss:StyleID="s36"><Data ss:Type="String">org.eclipse.osee.framework.skynet.core.DefaultAttributeDataProvider</Data></Cell>
    <Cell ss:StyleID="s28"><Data ss:Type="String">Annotation</Data></Cell>
    <Cell ss:StyleID="s28"/>
    <Cell ss:StyleID="s28"><Data ss:Type="String">DefaultAttributeTaggerProvider</Data></Cell>
    <Cell ss:StyleID="s36"/>
    <Cell ss:StyleID="s36"/>
    <Cell ss:StyleID="s36"><Data ss:Type="Number">0</Data></Cell>
    <Cell ss:StyleID="s38"><Data ss:Type="String">UNLIMITED</Data></Cell>
    <Cell ss:StyleID="s36"/>
   </Row>
   <Row ss:AutoFitHeight="0" ss:Height="13.5">
    <Cell ss:StyleID="s36"><Data ss:Type="String">org.eclipse.osee.framework.skynet.core.StringAttribute</Data></Cell>
    <Cell ss:StyleID="s36"><Data ss:Type="String">org.eclipse.osee.framework.skynet.core.DefaultAttributeDataProvider</Data></Cell>
    <Cell ss:StyleID="s28"><Data ss:Type="String">Static Id</Data></Cell>
    <Cell ss:StyleID="s28"/>
    <Cell ss:StyleID="s28"/>
    <Cell ss:StyleID="s36"/>
    <Cell ss:StyleID="s36"/>
    <Cell ss:StyleID="s36"><Data ss:Type="Number">0</Data></Cell>
    <Cell ss:StyleID="s38"><Data ss:Type="String">UNLIMITED</Data></Cell>
    <Cell ss:StyleID="s36"/>
   </Row>
   <Row ss:AutoFitHeight="0" ss:Height="13.5">
    <Cell ss:StyleID="s36"><Data ss:Type="String">org.eclipse.osee.framework.skynet.core.StringAttribute</Data></Cell>
    <Cell ss:StyleID="s39"><Data ss:Type="String">org.eclipse.osee.framework.skynet.core.ClobAttributeDataProvider</Data></Cell>
    <Cell ss:StyleID="s28"><Data ss:Type="String">General String Data</Data></Cell>
    <Cell ss:StyleID="s28"/>
    <Cell ss:StyleID="s28"/>
    <Cell ss:StyleID="s36"/>
    <Cell ss:StyleID="s36"/>
    <Cell ss:StyleID="s36"><Data ss:Type="Number">0</Data></Cell>
    <Cell ss:StyleID="s38"><Data ss:Type="String">UNLIMITED</Data></Cell>
    <Cell ss:StyleID="s36"/>
   </Row>
   <Row ss:AutoFitHeight="0">
    <Cell ss:StyleID="s36"><Data ss:Type="String">org.eclipse.osee.framework.skynet.core.CompressedContentAttribute</Data></Cell>
    <Cell ss:StyleID="s28"><Data ss:Type="String">org.eclipse.osee.framework.skynet.core.UriAttributeDataProvider</Data></Cell>
    <Cell ss:StyleID="s28"><Data ss:Type="String">Native Content</Data></Cell>
    <Cell ss:StyleID="s28"><Data ss:Type="String">bin</Data></Cell>
    <Cell ss:StyleID="s28"/>
    <Cell ss:StyleID="s36"/>
    <Cell ss:StyleID="s36"/>
    <Cell ss:StyleID="s36"><Data ss:Type="Number">0</Data></Cell>
    <Cell ss:StyleID="s36"><Data ss:Type="Number">1</Data></Cell>
    <Cell ss:StyleID="s36"><Data ss:Type="String">content that will be editing by a native program</Data></Cell>
   </Row>
   <Row ss:AutoFitHeight="0">
    <Cell ss:StyleID="s40"><Data ss:Type="String">org.eclipse.osee.framework.skynet.core.WordAttribute</Data></Cell>
    <Cell ss:StyleID="s40"><Data ss:Type="String">org.eclipse.osee.framework.skynet.core.UriAttributeDataProvider</Data></Cell>
    <Cell ss:StyleID="s40"><Data ss:Type="String">Word Template Content</Data></Cell>
    <Cell ss:StyleID="s40"><Data ss:Type="String">xml</Data></Cell>
    <Cell ss:StyleID="s40"><Data ss:Type="String">XmlAttributeTaggerProvider</Data></Cell>
    <Cell ss:StyleID="s40"><Data ss:Type="String">&lt;w:p xmlns:w=&quot;http://schemas.microsoft.com/office/word/2003/wordml&quot;&gt;&lt;w:r&gt;&lt;w:t&gt;&lt;/w:t&gt;&lt;/w:r&gt;&lt;/w:p&gt;</Data></Cell>
    <Cell ss:StyleID="s40"/>
    <Cell ss:StyleID="s36"><Data ss:Type="Number">0</Data></Cell>
    <Cell ss:StyleID="s36"><Data ss:Type="Number">1</Data></Cell>
    <Cell ss:StyleID="s40"><Data ss:Type="String">value must comply with WordML xml schema</Data></Cell>
   </Row>
   <Row ss:AutoFitHeight="0">
    <Cell ss:StyleID="s41"><Data ss:Type="String">org.eclipse.osee.framework.skynet.core.WordAttribute</Data></Cell>
    <Cell ss:StyleID="s41"><Data ss:Type="String">org.eclipse.osee.framework.skynet.core.UriAttributeDataProvider</Data></Cell>
    <Cell ss:StyleID="s41"><Data ss:Type="String">Whole Word Content</Data></Cell>
    <Cell ss:StyleID="s41"><Data ss:Type="String">xml</Data></Cell>
    <Cell ss:StyleID="s41"><Data ss:Type="String">XmlAttributeTaggerProvider</Data></Cell>
    <Cell ss:StyleID="s41"><Data ss:Type="String">&lt;?xml version='1.0' encoding='UTF-8' standalone='yes'?&gt;&lt;?mso-application progid='Word.Document'?&gt;&lt;w:wordDocument xmlns:w='http://schemas.microsoft.com/office/word/2003/wordml' xmlns:v='urn:schemas-microsoft-com:vml' xmlns:w10='urn:schemas-microsoft-com:office:word' xmlns:sl='http://schemas.microsoft.com/schemaLibrary/2003/core' xmlns:aml='http://schemas.microsoft.com/aml/2001/core' xmlns:wx='http://schemas.microsoft.com/office/word/2003/auxHint' xmlns:o='urn:schemas-microsoft-com:office:office' xmlns:dt='uuid:C2F41010-65B3-11d1-A29F-00AA00C14882' xmlns:wsp='http://schemas.microsoft.com/office/word/2003/wordml/sp2' xmlns:ns0='http://www.w3.org/2001/XMLSchema' xmlns:ns1='http://eclipse.org/artifact.xsd' xmlns:st1='urn:schemas-microsoft-com:office:smarttags' w:macrosPresent='no' w:embeddedObjPresent='no' w:ocxPresent='no' xml:space='preserve'&gt;&lt;w:body&gt;&lt;/w:body&gt;&lt;/w:wordDocument&gt;</Data></Cell>
    <Cell ss:StyleID="s41"/>
    <Cell ss:StyleID="s42"><Data ss:Type="Number">0</Data></Cell>
    <Cell ss:StyleID="s42"><Data ss:Type="Number">1</Data></Cell>
    <Cell ss:StyleID="s41"><Data ss:Type="String">value must comply with WordML xml schema</Data></Cell>
   </Row>
   <Row ss:AutoFitHeight="0" ss:StyleID="s51">
    <Cell ss:StyleID="s49"><Data ss:Type="String">org.eclipse.osee.framework.skynet.core.EnumeratedAttribute</Data></Cell>
    <Cell ss:StyleID="s49"><Data ss:Type="String">org.eclipse.osee.framework.skynet.core.DefaultAttributeDataProvider</Data></Cell>
    <Cell ss:StyleID="s53"><Data ss:Type="String">Safety Criticality</Data></Cell>
    <Cell ss:StyleID="s52"/>
    <Cell ss:StyleID="s52"/>
    <Cell ss:StyleID="s49"><Data ss:Type="String">V</Data></Cell>
    <Cell ss:StyleID="s49"><Data ss:Type="String">&lt;Criticality&gt;&lt;Enum&gt;I&lt;/Enum&gt;&lt;Enum&gt;II&lt;/Enum&gt;&lt;Enum&gt;III&lt;/Enum&gt;&lt;Enum&gt;IV&lt;/Enum&gt;&lt;Enum&gt;V&lt;/Enum&gt;&lt;/Criticality&gt;</Data></Cell>
    <Cell ss:StyleID="s49"><Data ss:Type="Number">1</Data></Cell>
    <Cell ss:StyleID="s49"><Data ss:Type="Number">1</Data></Cell>
    <Cell ss:StyleID="s49"><Data ss:Type="String">Criticality Classification</Data></Cell>
   </Row>
   <Row ss:AutoFitHeight="0" ss:Height="11.25"/>
   <Row ss:AutoFitHeight="0"/>
   <Row ss:AutoFitHeight="0">
    <Cell ss:StyleID="s43"><Data ss:Type="String">Artifact Type Name</Data></Cell>
    <Cell ss:StyleID="s43"><Data ss:Type="String">Attribute Type Name</Data></Cell>
   </Row>
   <Row ss:AutoFitHeight="0">
    <Cell ss:StyleID="s40"><Data ss:Type="String">Artifact</Data></Cell>
    <Cell ss:StyleID="s40"><Data ss:Type="String">Name</Data></Cell>
   </Row>
   <Row ss:AutoFitHeight="0">
    <Cell ss:StyleID="s40"><Data ss:Type="String">Artifact</Data></Cell>
    <Cell ss:StyleID="s40"><Data ss:Type="String">Annotation</Data></Cell>
   </Row>
   <Row ss:AutoFitHeight="0">
    <Cell ss:StyleID="s40"><Data ss:Type="String">Artifact</Data></Cell>
    <Cell ss:StyleID="s28"><Data ss:Type="String">Static Id</Data></Cell>
   </Row>
   <Row ss:AutoFitHeight="0">
    <Cell ss:StyleID="s27"><Data ss:Type="String">FileArtifact</Data></Cell>
    <Cell ss:StyleID="s28"><Data ss:Type="String">Content URL</Data></Cell>
   </Row>
   <Row ss:AutoFitHeight="0">
    <Cell ss:StyleID="s28"><Data ss:Type="String">Universal Group</Data></Cell>
    <Cell ss:StyleID="s28"><Data ss:Type="String">Description</Data></Cell>
   </Row>
   <Row ss:AutoFitHeight="0">
    <Cell ss:StyleID="s28"><Data ss:Type="String">Url</Data></Cell>
    <Cell ss:StyleID="s28"><Data ss:Type="String">Description</Data></Cell>
   </Row>
   <Row ss:AutoFitHeight="0">
    <Cell ss:StyleID="s28"><Data ss:Type="String">WordArtifact</Data></Cell>
    <Cell ss:StyleID="s28"><Data ss:Type="String">Word Ole Data</Data></Cell>
   </Row>
   <Row ss:AutoFitHeight="0">
    <Cell ss:StyleID="s28"><Data ss:Type="String">WordArtifact</Data></Cell>
    <Cell ss:StyleID="s28"><Data ss:Type="String">Page Type</Data></Cell>
   </Row>
   <Row ss:AutoFitHeight="0">
    <Cell ss:StyleID="s28"><Data ss:Type="String">WordArtifact</Data></Cell>
    <Cell ss:StyleID="s28"><Data ss:Type="String">Word Template Content</Data></Cell>
   </Row>
   <Row ss:AutoFitHeight="0">
    <Cell ss:StyleID="s28"><Data ss:Type="String">WordArtifact</Data></Cell>
    <Cell ss:StyleID="s28"><Data ss:Type="String">Whole Word Content</Data></Cell>
   </Row>
   <Row ss:AutoFitHeight="0">
    <Cell ss:StyleID="s28"><Data ss:Type="String">Blam Workflow</Data></Cell>
    <Cell ss:StyleID="s28"><Data ss:Type="String">Workflow Definition</Data></Cell>
   </Row>
   <Row ss:AutoFitHeight="0">
    <Cell ss:StyleID="s28"><Data ss:Type="String">General Data</Data></Cell>
    <Cell ss:StyleID="s28"><Data ss:Type="String">General String Data</Data></Cell>
   </Row>
   <Row ss:AutoFitHeight="0" ss:Height="13.5">
    <Cell ss:StyleID="s28"><Data ss:Type="String">NativeArtifact</Data></Cell>
    <Cell ss:StyleID="s28"><Data ss:Type="String">Extension</Data></Cell>
   </Row>
   <Row ss:AutoFitHeight="0" ss:Height="14.25">
    <Cell ss:StyleID="s40"><Data ss:Type="String">NativeArtifact</Data></Cell>
    <Cell ss:StyleID="s40"><Data ss:Type="String">Description</Data></Cell>
   </Row>
   <Row ss:AutoFitHeight="0" ss:Height="13.5">
    <Cell ss:StyleID="s31"><Data ss:Type="String">NativeArtifact</Data></Cell>
    <Cell ss:StyleID="s31"><Data ss:Type="String">Native Content</Data></Cell>
   </Row>
   <Row ss:AutoFitHeight="0" ss:StyleID="s51">
    <Cell ss:StyleID="s52"><Data ss:Type="String">System Function</Data></Cell>
    <Cell ss:StyleID="s53"><Data ss:Type="String">Safety Criticality</Data></Cell>
   </Row>
   <Row ss:AutoFitHeight="0" ss:Height="13.5"/>
   <Row ss:AutoFitHeight="0">
    <Cell><Data ss:Type="String"># Side &quot;A/B&quot; Name should be a free text descriptive name for the user - links between sides and artifact types are performed in the table below.</Data></Cell>
   </Row>
   <Row ss:AutoFitHeight="0">
    <Cell ss:StyleID="s25"><Data ss:Type="String">Relation type name</Data></Cell>
    <Cell ss:StyleID="s25"><Data ss:Type="String">Side A Name</Data></Cell>
    <Cell ss:StyleID="s25"><Data ss:Type="String">A to B Phrase</Data></Cell>
    <Cell ss:StyleID="s35"><Data ss:Type="String">Side B Name</Data></Cell>
    <Cell ss:StyleID="s35"><Data ss:Type="String">B to A Phrase</Data></Cell>
    <Cell ss:StyleID="s35"><Data ss:Type="String">Short Name</Data></Cell>
    <Cell ss:StyleID="s35"><Data ss:Type="String">Ordered</Data></Cell>
   </Row>
   <Row ss:AutoFitHeight="0">
    <Cell ss:StyleID="s36"><Data ss:Type="String">Default Hierarchical</Data></Cell>
    <Cell ss:StyleID="s36"><Data ss:Type="String">parent</Data></Cell>
    <Cell ss:StyleID="s36"><Data ss:Type="String">has</Data></Cell>
    <Cell ss:StyleID="s36"><Data ss:Type="String">child</Data></Cell>
    <Cell ss:StyleID="s36"><Data ss:Type="String">is a child of</Data></Cell>
    <Cell ss:StyleID="s36"><Data ss:Type="String">DHier</Data></Cell>
    <Cell><Data ss:Type="String">Yes</Data></Cell>
   </Row>
   <Row ss:AutoFitHeight="0" ss:Height="13.5">
    <Cell ss:StyleID="s36"><Data ss:Type="String">Dependency</Data></Cell>
    <Cell ss:StyleID="s36"><Data ss:Type="String">artifact</Data></Cell>
    <Cell ss:StyleID="s36"><Data ss:Type="String">is dependent upon</Data></Cell>
    <Cell ss:StyleID="s36"><Data ss:Type="String">dependency</Data></Cell>
    <Cell ss:StyleID="s36"><Data ss:Type="String">impacts</Data></Cell>
    <Cell ss:StyleID="s36"><Data ss:Type="String">Dep</Data></Cell>
    <Cell><Data ss:Type="String">No</Data></Cell>
   </Row>
   <Row ss:AutoFitHeight="0" ss:Height="13.5">
    <Cell ss:StyleID="s36"><Data ss:Type="String">Supporting Info</Data></Cell>
    <Cell ss:StyleID="s36"><Data ss:Type="String">is supported by</Data></Cell>
    <Cell ss:StyleID="s36"><Data ss:Type="String">is supported by</Data></Cell>
    <Cell ss:StyleID="s36"><Data ss:Type="String">supporting info</Data></Cell>
    <Cell ss:StyleID="s36"><Data ss:Type="String">supports</Data></Cell>
    <Cell ss:StyleID="s36"><Data ss:Type="String">SupIn</Data></Cell>
    <Cell><Data ss:Type="String">No</Data></Cell>
   </Row>
   <Row ss:AutoFitHeight="0" ss:Height="13.5">
    <Cell ss:StyleID="s36"><Data ss:Type="String">Universal Grouping</Data></Cell>
    <Cell ss:StyleID="s28"><Data ss:Type="String">group</Data></Cell>
    <Cell ss:StyleID="s28"><Data ss:Type="String">contains</Data></Cell>
    <Cell ss:StyleID="s28"><Data ss:Type="String">members</Data></Cell>
    <Cell ss:StyleID="s36"><Data ss:Type="String">belong to</Data></Cell>
    <Cell ss:StyleID="s36"><Data ss:Type="String">Group</Data></Cell>
    <Cell><Data ss:Type="String">Yes</Data></Cell>
   </Row>
   <Row ss:AutoFitHeight="0" ss:StyleID="s51">
    <Cell ss:StyleID="s49"><Data ss:Type="String">Design</Data></Cell>
    <Cell ss:StyleID="s49"><Data ss:Type="String">requirement</Data></Cell>
    <Cell ss:StyleID="s49"><Data ss:Type="String">is designed by</Data></Cell>
    <Cell ss:StyleID="s49"><Data ss:Type="String">design</Data></Cell>
    <Cell ss:StyleID="s49"><Data ss:Type="String">designs</Data></Cell>
    <Cell ss:StyleID="s49"><Data ss:Type="String">Dsgn</Data></Cell>
    <Cell ss:StyleID="s49"><Data ss:Type="String">No</Data></Cell>
   </Row>
   <Row ss:AutoFitHeight="0" ss:Height="13.5" ss:Span="1"/>
   <Row ss:Index="61" ss:AutoFitHeight="0" ss:Height="13.5">
    <Cell ss:StyleID="s44"><Data ss:Type="String">#the first max values specified for an &lt;artifact type, relation type&gt; pair is used, so put the constraint for a concreate type before the constraint for a supertype</Data></Cell>
   </Row>
   <Row ss:AutoFitHeight="0" ss:Height="13.5">
    <Cell><Data ss:Type="String"># An artifact of type &quot;Artifact Type&quot; can be on side &quot;A&quot;, &quot;Side A Max&quot; number of times for relation links of type &quot;Relation Type&quot;.</Data></Cell>
   </Row>
   <Row ss:AutoFitHeight="0" ss:Height="12.75" ss:StyleID="Default">
    <Cell ss:StyleID="s21"><Data ss:Type="String"># An artifact of type &quot;Artifact Type&quot; can be on side &quot;B&quot;, &quot;Side B Max&quot; number of times for relation links of type &quot;Relation Type&quot;.</Data><NamedCell
      ss:Name="_FilterDatabase"/></Cell>
    <Cell ss:StyleID="s21"><NamedCell ss:Name="_FilterDatabase"/></Cell>
    <Cell ss:StyleID="s21"><NamedCell ss:Name="_FilterDatabase"/></Cell>
    <Cell ss:StyleID="s21"><NamedCell ss:Name="_FilterDatabase"/></Cell>
    <Cell ss:StyleID="s21"/>
    <Cell ss:StyleID="s21"/>
    <Cell ss:StyleID="s21"/>
   </Row>
   <Row ss:AutoFitHeight="0" ss:Height="13.5">
    <Cell ss:StyleID="s25"><Data ss:Type="String">Artifact Type</Data><NamedCell
      ss:Name="_FilterDatabase"/></Cell>
    <Cell ss:StyleID="s25"><Data ss:Type="String">Relation Type</Data><NamedCell
      ss:Name="_FilterDatabase"/></Cell>
    <Cell ss:StyleID="s25"><Data ss:Type="String">Side A Max</Data><NamedCell
      ss:Name="_FilterDatabase"/></Cell>
    <Cell ss:StyleID="s35"><Data ss:Type="String">Side B Max</Data><NamedCell
      ss:Name="_FilterDatabase"/></Cell>
    <Cell ss:Index="7" ss:StyleID="Default"/>
   </Row>
   <Row ss:AutoFitHeight="0" ss:Height="13.5">
    <Cell ss:StyleID="s27"><Data ss:Type="String">Artifact</Data><NamedCell
      ss:Name="_FilterDatabase"/></Cell>
    <Cell ss:StyleID="s36"><Data ss:Type="String">Default Hierarchical</Data><NamedCell
      ss:Name="_FilterDatabase"/></Cell>
    <Cell ss:StyleID="s38"><Data ss:Type="String">UNLIMITED</Data><NamedCell
      ss:Name="_FilterDatabase"/></Cell>
    <Cell ss:StyleID="s38"><Data ss:Type="Number">1</Data><NamedCell
      ss:Name="_FilterDatabase"/></Cell>
    <Cell ss:StyleID="Default"/>
    <Cell ss:StyleID="Default"/>
   </Row>
   <Row ss:AutoFitHeight="0" ss:Height="13.5">
    <Cell ss:StyleID="s27"><Data ss:Type="String">Artifact</Data><NamedCell
      ss:Name="_FilterDatabase"/></Cell>
    <Cell ss:StyleID="s36"><Data ss:Type="String">Dependency</Data><NamedCell
      ss:Name="_FilterDatabase"/></Cell>
    <Cell ss:StyleID="s38"><Data ss:Type="String">UNLIMITED</Data><NamedCell
      ss:Name="_FilterDatabase"/></Cell>
    <Cell ss:StyleID="s38"><Data ss:Type="String">UNLIMITED</Data><NamedCell
      ss:Name="_FilterDatabase"/></Cell>
   </Row>
   <Row ss:AutoFitHeight="0" ss:Height="13.5">
    <Cell ss:StyleID="s27"><Data ss:Type="String">Artifact</Data></Cell>
    <Cell ss:StyleID="s36"><Data ss:Type="String">Supporting Info</Data></Cell>
    <Cell ss:StyleID="s38"><Data ss:Type="String">UNLIMITED</Data></Cell>
    <Cell ss:StyleID="s38"><Data ss:Type="String">UNLIMITED</Data></Cell>
   </Row>
   <Row ss:AutoFitHeight="0" ss:Height="13.5">
    <Cell ss:StyleID="s27"><Data ss:Type="String">Universal Group</Data></Cell>
    <Cell ss:StyleID="s36"><Data ss:Type="String">Universal Grouping</Data></Cell>
    <Cell ss:StyleID="s38"><Data ss:Type="String">UNLIMITED</Data></Cell>
    <Cell ss:StyleID="s38"><Data ss:Type="String">UNLIMITED</Data></Cell>
   </Row>
   <Row ss:AutoFitHeight="0">
    <Cell ss:StyleID="s27"><Data ss:Type="String">Artifact</Data></Cell>
    <Cell ss:StyleID="s36"><Data ss:Type="String">Universal Grouping</Data></Cell>
    <Cell ss:StyleID="s38"><Data ss:Type="Number">0</Data></Cell>
    <Cell ss:StyleID="s38"><Data ss:Type="String">UNLIMITED</Data></Cell>
   </Row>
   <Row ss:AutoFitHeight="0" ss:Height="12.75" ss:StyleID="s51">
    <Cell ss:StyleID="s48"><Data ss:Type="String">System Function</Data></Cell>
    <Cell ss:StyleID="s49"><Data ss:Type="String">Design</Data></Cell>
    <Cell ss:StyleID="s50"><Data ss:Type="Number">0</Data></Cell>
    <Cell ss:StyleID="s50"><Data ss:Type="String">UNLIMITED</Data></Cell>
   </Row>
   <Row ss:AutoFitHeight="0"/>
   <Row ss:AutoFitHeight="0">
    <Cell ss:StyleID="s47"><Data ss:Type="String">#need method to record whether allocation has been verified as complete and re-verify if changes potentially impact the allocation</Data></Cell>
   </Row>
  </Table>
  <WorksheetOptions xmlns="urn:schemas-microsoft-com:office:excel">
   <PageSetup>
    <Layout x:Orientation="Landscape"/>
   </PageSetup>
   <Unsynced/>
   <Print>
    <ValidPrinterInfo/>
    <HorizontalResolution>600</HorizontalResolution>
    <VerticalResolution>600</VerticalResolution>
   </Print>
   <Selected/>
   <TopRowVisible>30</TopRowVisible>
   <Panes>
    <Pane>
     <Number>3</Number>
     <ActiveRow>30</ActiveRow>
     <ActiveCol>6</ActiveCol>
    </Pane>
   </Panes>
   <ProtectObjects>False</ProtectObjects>
   <ProtectScenarios>False</ProtectScenarios>
  </WorksheetOptions>
  <Sorting xmlns="urn:schemas-microsoft-com:office:excel">
   <Sort>Artifact Type Name</Sort>
  </Sorting>
 </Worksheet>
</Workbook>
